{"mean": [0.35476945244956776], "std": [0.3517504869379479]}