best_final,p50,p95,p99,model_max,best_percentile
0.5486051460393734,0.08071383383638503,0.39036451018000956,0.5926475893680568,0.9310126508648124,0.98752
